year,value
2017,4.661435049
2018,3.661304994
2019,1.095672567
2020,-4.143105621
2021,7.613962615