year,value,value1
2017,4.661435049,343.19 Billion
2018,3.661304994,377 Billion
2019,1.095672567,375.47 Billion
2020,-4.143105621,345.3 Billion
2021,7.613962615,396.99 Billion